original,En2bn,bn2En,En2gu,gu2En,En2hi,hi2En,En2kn,kn2En,En2ml,ml2En,En2mr,mr2En,En2ne,ne2En,En2pa,pa2En,En2sd,sd2En,En2ta,ta2En,En2te,te2En,En2ur,ur2En
They are an advocate.,তারা একটি উকিল।,They are a lawyer.,તેઓ એક એડવોકેટ છે.,He is an advocate.,वे एक अधिवक्ता हैं।,He is an advocate.,ಅವರು ವಕೀಲರು.,They are lawyers.,അവർ ഒരു അഭിഭാഷകനാണ്.,They are a lawyer.,ते वकील आहेत.,They are lawyers.,तिनीहरू एक अधिवक्ता हुन्।,They are an advocate.,ਉਹ ਇੱਕ ਵਕੀਲ ਹਨ.,He is a lawyer.,اهي هڪ وڪيل هئڻ گهرجي.,They should become a lawyer.,அவர்கள் ஒரு வக்கீல்.,They are a lawyer.,వారు న్యాయవాది.,They are a lawyer.,وہ ایک وکیل ہیں۔,He is a lawyer.
They are an agriculturist.,তারা একজন কৃষক।,They are a farmer.,તેઓ ખેતીવાડી છે.,They are agricultural.,वे एक कृषक हैं।,He is a farmer.,ಅವರು ಕೃಷಿಕರು.,They are agriculturists.,അവർ ഒരു കൃഷിക്കാരനാണ്.,They are a farmer.,ते एक कृषक आहेत.,He is a farmer.,तिनीहरू एक कृषिविद् हुन्।,He is an agriculturist.,ਉਹ ਇੱਕ ਖੇਤੀਬਾੜੀ ਹਨ.,They are an agriculture.,اهي هڪ زراعت پسند آهن.,They are an agriculturist.,அவர்கள் ஒரு விவசாயி.,They are a farmer.,వారు వ్యవసాయదారుడు.,They are farmers.,وہ زرعی ماہر ہیں۔,He is an agricultural expert.
They are an aircraft pilot.,তারা বিমানের পাইলট।,They are the pilots of the aircraft.,તેઓ એક વિમાન પાયલોટ છે.,He is an aircraft pilot.,वे एक विमान के पायलट हैं।,He is the pilot of an aircraft.,ಅವರು ವಿಮಾನ ಪೈಲಟ್.,He's a flight pilot.,അവർ ഒരു വിമാന പൈലറ്റാണ്.,They are an airline pilot.,ते विमानाचा पायलट आहेत.,He is the pilot of the aircraft.,तिनीहरू एक विमान पायलट हो।,They are an aircraft pilot.,ਉਹ ਇੱਕ ਜਹਾਜ਼ ਦੇ ਪਾਇਲਟ ਹਨ.,He is the pilot of a plane.,اهي جهاز جا پائلٽ هوندا آهن.,They are aircraft pilots.,அவர்கள் ஒரு விமான விமானி.,They are an airline pilot.,వారు విమాన పైలట్.,They are flight pilots.,وہ ایک ہوائی جہاز کے پائلٹ ہیں۔,He is the pilot of an airplane.
They are an artist.,তারা একটি শিল্পী।,They are an artist.,તેઓ એક કલાકાર છે.,He is an artist.,वे एक कलाकार हैं।,He is an artist.,ಅವರು ಕಲಾವಿದ.,He is an artist.,അവർ ഒരു കലാകാരനാണ്.,They are an artist.,ते एक कलाकार आहेत.,He is an artist.,तिनीहरू एक कलाकार हुन्।,They are an artist.,ਉਹ ਇਕ ਕਲਾਕਾਰ ਹਨ.,He is an artist.,اهي هڪ آرٽسٽ آهن.,They are an artist.,அவர்கள் ஒரு கலைஞர்.,They are an artist.,వారు ఒక కళాకారుడు.,They are an artist.,وہ ایک فنکار ہیں۔,He is an artist.
They are an astronomer.,তারা একজন জ্যোতির্বিদ।,They are an astronomer.,તેઓ એક ખગોળશાસ્ત્રી છે.,He is an astronomer.,वे एक खगोलशास्त्री हैं।,He is an astronomer.,ಅವರು ಖಗೋಳ ವಿಜ್ಞಾನಿ.,He is an astronomer.,അവർ ഒരു ജ്യോതിശാസ്ത്രജ്ഞനാണ്.,They are an astronomer.,ते खगोलशास्त्रज्ञ आहेत.,They are astronomers.,तिनीहरू खगोलविद् हुन्।,They are astronomers.,ਉਹ ਇੱਕ ਖਗੋਲ ਵਿਗਿਆਨੀ ਹਨ.,He is an astronomer.,اهي هڪ ڪلاسيڪل ڪلاس وارا آهن.,They are a classical classics.,அவர்கள் ஒரு வானியலாளர்.,They are an astronomer.,వారు ఖగోళ శాస్త్రవేత్త.,They are astronomers.,وہ ماہر فلکیات ہیں۔,He is an astronomer.
They are an attorney.,তারা একজন অ্যাটর্নি।,They are an attorney.,તેઓ એક એટર્ની છે.,He is an attorney.,वे एक वकील हैं।,He is a lawyer.,ಅವರು ವಕೀಲರು.,They are lawyers.,അവർ ഒരു അഭിഭാഷകനാണ്.,They are a lawyer.,ते वकील आहेत.,They are lawyers.,तिनीहरू एक वकिल हुन्।,They are a lawyer.,ਉਹ ਇੱਕ ਵਕੀਲ ਹਨ.,He is a lawyer.,اهي هڪ وڪيل آهن.,They are a lawyer.,அவர்கள் ஒரு வழக்கறிஞர்.,They are a lawyer.,వారు ఒక న్యాయవాది.,They are a lawyer.,وہ ایک وکیل ہیں۔,He is a lawyer.
They are an audiologist.,তারা একজন অডিওলজিস্ট।,They are an audiologist.,તેઓ iડિઓલોજિસ્ટ છે.,He is an audiologist.,वे एक ऑडियोलॉजिस्ट हैं।,He is an audiologist.,ಅವರು ಆಡಿಯಾಲಜಿಸ್ಟ್.,He is an audiologist.,അവർ ഒരു ഓഡിയോളജിസ്റ്റാണ്.,They are an audiologist.,ते ऑडिओलॉजिस्ट आहेत.,He is an audiologist.,तिनीहरू अडियोलोजिस्ट हुन्।,They are audiologists.,ਉਹ ਇੱਕ ਆਡੀਓਲੋਜਿਸਟ ਹਨ.,He is an audiologist.,اھي ھڪ آڊيولوجسٽ آھن.,He is an oncologist.,அவர்கள் ஆடியோலஜிஸ்ட்.,They are audiologists.,వారు ఆడియాలజిస్ట్.,They are an audiologist.,وہ آڈیولوجسٹ ہیں۔,He is an audiologist.
They are a banker.,তারা একজন ব্যাংকার।,They are a banker.,તેઓ એક બેંકર છે.,He is a banker.,वे एक बैंकर हैं।,He is a banker.,ಅವರು ಬ್ಯಾಂಕರ್.,He's a banker.,അവർ ഒരു ബാങ്കറാണ്.,They are a banker.,ते एक बँकर आहेत.,He is a banker.,तिनीहरू एक बैंकर हो।,They are a banker.,ਉਹ ਇੱਕ ਸ਼ਾਹੂਕਾਰ ਹਨ.,He is a banker.,اهي هڪ بينڪن جي آهن.,They are a banker.,அவர்கள் ஒரு வங்கியாளர்.,They are a banker.,వారు బ్యాంకర్.,They are bankers.,وہ ایک بینکر ہیں۔,He is a banker.
They are a barber.,তারা নাপিত।,They are barbers.,તેઓ એક વાળંદ છે.,He is a barber.,वे एक नाई हैं।,She is a hairdresser.,ಅವರು ಕ್ಷೌರಿಕರು.,They are barbers.,അവർ ഒരു ക്ഷുരകനാണ്.,They are a barber.,ते एक नाई आहेत.,He is a barber.,तिनीहरू नाई हुन्।,They are barbers.,ਉਹ ਇੱਕ ਨਾਈ ਹਨ.,She is a barber.,اهي حجام آهن.,They are barber.,அவர்கள் ஒரு முடிதிருத்தும்.,They are a barber.,వారు మంగలి.,They are barber.,وہ ایک حجام ہیں۔,He is a barber.
They are a bartender.,তারা বারটেন্ডার।,They are bartenders.,તેઓ બાર્ટેન્ડર છે.,He is a bartender.,वे बारटेंडर हैं।,They are bartenders.,ಅವರು ಬಾರ್ಟೆಂಡರ್.,He's a bartender.,അവർ ഒരു ബാർട്ടൻഡറാണ്.,They are a bartender.,ते बारटेंडर आहेत.,They are bartenders.,तिनीहरू बार्टेन्डर हुन्।,They are bartenders.,ਉਹ ਬਾਰਟੈਂਡਰ ਹਨ.,They are bartenders.,اهي هڪ بارٽيون ڪندڙ آهن.,They are a bartender.,அவர்கள் ஒரு மதுக்கடை.,They are a bar.,వారు బార్టెండర్.,They are bartenders.,وہ بارٹینڈر ہیں۔,She is a bartender.
They are a biologist.,তারা জীববিজ্ঞানী।,They are biologists.,તેઓ જીવવિજ્ .ાની છે.,They are biologists.,वे एक जीवविज्ञानी हैं।,He is a biologist.,ಅವರು ಜೀವಶಾಸ್ತ್ರಜ್ಞರು.,They are biologists.,അവർ ഒരു ബയോളജിസ്റ്റാണ്.,They are a biologist.,ते जीवशास्त्रज्ञ आहेत.,They are biologists.,तिनीहरू जीवविज्ञानी हुन्।,They are biologists.,ਉਹ ਜੀਵ-ਵਿਗਿਆਨੀ ਹਨ.,They are biologists.,اهي هڪ بيالوجسٽ آهن.,He is a biologist.,அவர்கள் ஒரு உயிரியலாளர்.,They are a biologist.,వారు జీవశాస్త్రవేత్త.,They are biologists.,وہ ماہر حیاتیات ہیں۔,She is a biologist.
They are a bookkeeper.,তারা একজন খাতা।,They are a book.,તેઓ એક મુસાફરો છે.,They are one of the passengers.,वे एक मुनीम हैं।,He is a bookkeeper.,ಅವರು ಬುಕ್ಕೀಪರ್.,He's a bookkeeper.,അവർ ഒരു ബുക്ക് കീപ്പറാണ്.,They are a bookkeeper.,ते एक बुककीपर आहेत.,He is a bookkeeper.,तिनीहरू एक बुककीपर हुन्।,They are a bookkeeper.,ਉਹ ਇੱਕ ਬੁੱਕ ਕੀਪਰ ਹਨ.,He is a book keeper.,اهي هڪ ڪتاب ساز ماڻهو آهن.,They are a bookkeeper.,அவர்கள் ஒரு புத்தகக் காப்பாளர்.,They are a bookkeeper.,వారు బుక్కీపర్.,They are bookie keepers.,وہ ایک کتاب کیپر ہیں۔,He is a book keeper.
They are a botanist.,তারা একজন উদ্ভিদবিদ।,They are a botanist.,તેઓ વનસ્પતિશાસ્ત્રી છે.,He is a botanist.,वे एक वनस्पतिशास्त्री हैं।,He is a botanist.,ಅವರು ಸಸ್ಯಶಾಸ್ತ್ರಜ್ಞರು.,They are botanists.,അവർ ഒരു സസ്യശാസ്ത്രജ്ഞനാണ്.,They are a botanist.,ते वनस्पतिशास्त्रज्ञ आहेत.,They are botanists.,तिनीहरू वनस्पति विज्ञ हुन्।,They are botanists.,ਉਹ ਇੱਕ ਬਨਸਪਤੀ ਵਿਗਿਆਨੀ ਹਨ.,He is a botanist.,اهي هڪ botanist آهن.,They are a botanist.,அவர்கள் ஒரு தாவரவியலாளர்.,They are a botanist.,వారు వృక్షశాస్త్రజ్ఞులు.,They are botanists.,وہ ایک نباتیات ہیں۔,He is a botanist.
They are a builder.,তারা একজন নির্মাতা।,They are a creator.,તેઓ એક બિલ્ડર છે.,He is a builder.,वे एक बिल्डर हैं।,He is a builder.,ಅವರು ಬಿಲ್ಡರ್.,He is a builder.,അവർ ഒരു നിർമ്മാതാവാണ്.,They are a manufacturer.,ते एक बिल्डर आहेत.,He is a builder.,तिनीहरू एक निर्माणकर्ता हुन्।,They are a builder.,ਉਹ ਇੱਕ ਨਿਰਮਾਤਾ ਹਨ.,They are a manufacturer.,اھي ٺاھيندڙ آھن.,They are the makers.,அவர்கள் ஒரு பில்டர்.,They are a builder.,వారు బిల్డర్.,They are the builder.,وہ ایک بلڈر ہیں۔,He is a builder.
They are a businessperson.,তারা একজন ব্যবসায়ী।,They are a businessman.,તેઓ એક બિઝનેસમેન છે.,He is a businessman.,वे एक व्यवसायी हैं।,He is a businessman.,ಅವರು ಉದ್ಯಮಿ.,He is a businessman.,അവർ ഒരു ബിസിനസുകാരനാണ്.,They are a businessman.,ते एक व्यापारी आहेत.,He is a merchant.,तिनीहरू एक व्यवसायी हुन्।,They are a businessman.,ਉਹ ਇੱਕ ਵਪਾਰੀ ਹਨ.,He is a businessman.,اهي هڪ ڪاروبار ڪندڙ ماڻهو آهن.,They are a business person.,அவர்கள் ஒரு தொழிலதிபர்.,They are an entrepreneur.,వారు ఒక వ్యాపారవేత్త.,They are a businessman.,وہ بزنس پرسن ہیں۔,He is a businessman.
They are a butcher.,তারা কসাই।,They are butchers.,તેઓ કસાઈ છે.,They are butchers.,वे कसाई हैं।,They are butchers.,ಅವರು ಕಟುಕ.,He is a butcher.,അവർ ഒരു കശാപ്പുകാരനാണ്.,They are a butcher.,ते एक कसाई आहेत.,He is a butcher.,तिनीहरू कसाई हुन्।,They are butchers.,ਉਹ ਇੱਕ ਕਸਾਈ ਹਨ.,They are a butcher.,اهي هڪ قصاب آهن.,They are a butcher.,அவர்கள் ஒரு கசாப்புக்காரன்.,They are a butcher.,వారు కసాయి.,They are butchers.,وہ قصائی ہیں۔,They are butchers.
They are a carpenter.,তারা একটি ছুতার।,They are a carpenter.,તેઓ સુથાર છે.,They are carpenters.,वे बढ़ई हैं।,They are carpenters.,ಅವರು ಬಡಗಿ.,He was a carpenter.,അവർ ഒരു തച്ചനാണ്.,They are a carpenter.,ते सुतार आहेत.,They are carpenters.,तिनीहरू एक सिकर्मी हुन्।,They are a carpenter.,ਉਹ ਤਰਖਾਣ ਹਨ।,They are carpenters.,اهي ڪاريگر آهن.,They are skilled.,அவர்கள் ஒரு தச்சன்.,They are a carpenter.,వారు వడ్రంగి.,They are carpenters.,وہ ایک بڑھئی ہیں۔,She is a carpenter.
They are a cashier.,তারা একটি ক্যাশিয়ার।,They are a cashier.,તેઓ કેશિયર છે.,He is the cashier.,वे एक कैशियर हैं।,He is a cashier.,ಅವರು ಕ್ಯಾಷಿಯರ್.,He is a cashier.,അവർ ഒരു കാഷ്യറാണ്.,They are a cashier.,ते रोखपाल आहेत.,They are cashiers.,तिनीहरू एक खजांची हुन्।,They are a treasurer.,ਉਹ ਇੱਕ ਕੈਸ਼ੀਅਰ ਹਨ.,He is a cashier.,اهي هڪ نقد هوندا آهن.,They are a cash grab.,அவர்கள் ஒரு காசாளர்.,They are a cashier.,వారు క్యాషియర్.,They are the cashier.,وہ ایک کیشیئر ہیں۔,He is a cashier.
They are a chef.,তারা একটি শেফ।,They are a chef.,તેઓ એક રસોઇયા છે.,He is a chef.,वे एक रसोइया हैं।,He is a cook.,ಅವರು ಬಾಣಸಿಗರು.,They are chefs.,അവർ ഒരു പാചകക്കാരനാണ്.,They are a cook.,ते एक आचारी आहेत.,He is a chef.,तिनीहरू एक शेफ हुन्।,They are a chef.,ਉਹ ਇੱਕ ਸ਼ੈੱਫ ਹਨ.,He is a chef.,اھي ھڪڙي شيف آھن.,They are a chef.,அவர்கள் ஒரு சமையல்காரர்.,They are a cook.,వారు చెఫ్.,They are chefs.,وہ شیف ہیں۔,She is a chef.
They are a chemist.,তারা একজন রসায়নবিদ।,They are chemists.,તેઓ રસાયણશાસ્ત્રી છે.,He is a chemist.,वे एक रसायनज्ञ हैं।,He is a chemist.,ಅವರು ರಸಾಯನಶಾಸ್ತ್ರಜ್ಞರು.,They are chemists.,അവർ ഒരു രസതന്ത്രജ്ഞനാണ്.,They are a chemist.,ते एक केमिस्ट आहेत.,He is a chemist.,तिनीहरू रसायनविद् हुन्।,They are chemists.,ਉਹ ਇਕ ਕੈਮਿਸਟ ਹਨ.,He is a chemist.,اهي هڪ ڪيمسٽ آهي.,He is a chemist.,அவர்கள் ஒரு வேதியியலாளர்.,They are a chemist.,వారు రసాయన శాస్త్రవేత్త.,They are chemists.,وہ ایک کیمسٹ ہیں۔,She is a chemist.
They are a clergy advisor.,তারা একজন পাদ্রি পরামর্শদাতা।,They are a pastoral counselor.,તેઓ પાદરી સલાહકાર છે.,He is a pastor advisor.,वे एक पादरी सलाहकार हैं।,He is a clergy consultant.,ಅವರು ಪಾದ್ರಿ ಸಲಹೆಗಾರರಾಗಿದ್ದಾರೆ.,He is a pastor counselor.,അവർ ഒരു പുരോഹിത ഉപദേശകനാണ്.,They are a priestly counselor.,ते पाद्री सल्लागार आहेत.,He is a pastor counselor.,तिनीहरू पादरी सल्लाहकार हुन्।,They are pastoral counselors.,ਉਹ ਇੱਕ ਪਾਦਰੀਆਂ ਦੇ ਸਲਾਹਕਾਰ ਹਨ.,He is a pastor's counselor.,هو هڪ ڪلارڪ صلاحڪار آهن.,He is a Clark consultant.,அவர்கள் ஒரு மதகுரு ஆலோசகர்.,They are a clerical counselor.,వారు మతాధికారుల సలహాదారులు.,They are advisers to the clergy.,وہ ایک پادری مشیر ہیں۔,He is a pastor counselor.
They are a clinical lab technician.,তারা একটি ক্লিনিকাল ল্যাব টেকনিশিয়ান।,They are a clinical lab technician.,તેઓ ક્લિનિકલ લેબ ટેકનિશિયન છે.,He is a clinical lab technician.,वे क्लीनिकल लैब टेक्नीशियन हैं।,He is a Clinical Lab Technician.,ಅವರು ಕ್ಲಿನಿಕಲ್ ಲ್ಯಾಬ್ ತಂತ್ರಜ್ಞರು.,They are clinical lab technicians.,അവർ ഒരു ക്ലിനിക്കൽ ലാബ് ടെക്നീഷ്യനാണ്.,They are a clinical lab technician.,ते क्लिनिकल लॅब तंत्रज्ञ आहेत.,He is a clinical lab technician.,तिनीहरू क्लिनिकल ल्याब टेक्नीशियन हुन्।,They are clinical lab technicians.,ਉਹ ਕਲੀਨਿਕਲ ਲੈਬ ਟੈਕਨੀਸ਼ੀਅਨ ਹਨ.,They are clinical lab technicians.,اھي ھڪ ڪلينيڪل ليب ٽيڪنيشن وارا آھن.,They are a clinical lab technician.,அவர்கள் ஒரு மருத்துவ ஆய்வக தொழில்நுட்ப வல்லுநர்கள்.,They are a medical laboratory technician.,వారు క్లినికల్ ల్యాబ్ టెక్నీషియన్.,They are Clinical Lab Technician.,وہ کلینیکل لیب ٹیکنیشن ہیں۔,She is a clinical lab technician.
They are a coach.,তারা একজন কোচ।,They are a coach.,તેઓ કોચ છે.,They are coaches.,वे एक कोच हैं।,He is a coach.,ಅವರು ಕೋಚ್.,He is the coach.,അവർ ഒരു പരിശീലകനാണ്.,They are a coach.,ते प्रशिक्षक आहेत.,They are coaches.,तिनीहरू प्रशिक्षक हुन्।,They are instructors.,ਉਹ ਇੱਕ ਕੋਚ ਹਨ.,He is a coach.,اهي ڪوچ آهن.,They are the coaches.,அவர்கள் ஒரு பயிற்சியாளர்.,They are a coach.,వారు కోచ్.,They coach.,وہ ایک کوچ ہیں۔,He is a coach.
They are a developer.,তারা একটি বিকাশকারী।,They are a developer.,તેઓ વિકાસકર્તા છે.,They are developers.,वे एक डेवलपर हैं।,He is a developer.,ಅವರು ಡೆವಲಪರ್.,He's a developer.,അവർ ഒരു ഡവലപ്പർ ആണ്.,They are a developer.,ते विकसक आहेत.,They are developers.,तिनीहरू विकासकर्ता हुन्।,They are developers.,ਉਹ ਇੱਕ ਵਿਕਾਸਕਰਤਾ ਹਨ.,He is a developer.,اهي ترقي پسند ٺاهيندڙ آهن.,They are progressive makers.,அவர்கள் ஒரு டெவலப்பர்.,They are a developer.,వారు డెవలపర్.,They are the developer.,وہ ایک ڈویلپر ہیں۔,He is a developer.
They are a dietitian.,তারা ডায়েটিশিয়ান।,They are dietitians.,તેઓ ડાયેટિશિયન છે.,They are dietitians.,वे डाइटिशियन हैं।,He is a dietician.,ಅವರು ಆಹಾರ ಪದ್ಧತಿ.,They are food habits.,അവർ ഒരു ഡയറ്റീഷ്യൻ ആണ്.,They are a dietitian.,ते आहारतज्ज्ञ आहेत.,They are dietitians.,तिनीहरू एक आहार विशेषज्ञ हो।,They are a dietitian.,ਉਹ ਇੱਕ ਡਾਇਟੀਸ਼ੀਅਨ ਹਨ.,He is a dietitian.,اهي هڪ غذائي جانور آهن.,They are a nutritious animal.,அவர்கள் ஒரு டயட்டீஷியன்.,They are a dietitian.,వారు డైటీషియన్.,They are dietitians.,وہ ایک غذا ماہر ہیں۔,She is a dietitian.
They are an ecologist.,তারা বাস্তুবিদ।,They are ecologists.,તેઓ ઇકોલોજીસ્ટ છે.,He is an ecologist.,वे एक पारिस्थितिक विज्ञानी हैं।,He is an ecologist.,ಅವರು ಪರಿಸರ ವಿಜ್ಞಾನಿಗಳು.,They are environmental scientists.,അവർ ഒരു പരിസ്ഥിതി ശാസ്ത്രജ്ഞനാണ്.,They are an environmental scientist.,ते पर्यावरणशास्त्रज्ञ आहेत.,They are environmentalists.,तिनीहरू एक पारिस्थितिक विज्ञ हुन्।,They are an ecologist.,ਉਹ ਇਕ ਵਾਤਾਵਰਣ ਸ਼ਾਸਤਰੀ ਹਨ.,He is an ecologist.,اهي ماحوليات پسند آهن.,They are environmentalists.,அவர்கள் ஒரு சூழலியல் நிபுணர்.,They are an ecologist.,వారు పర్యావరణ శాస్త్రవేత్త.,They are ecologists.,وہ ایک ماہر ماحولیات ہیں۔,She is an environmentalist.
They are an editor.,তারা সম্পাদক।,They are editors.,તેઓ એક સંપાદક છે.,He is an editor.,वे एक संपादक हैं।,He is an editor.,ಅವರು ಸಂಪಾದಕರು.,They are editors.,അവർ ഒരു എഡിറ്ററാണ്.,They are an editor.,ते संपादक आहेत.,He is the editor.,तिनीहरू सम्पादक हुन्।,They are editors.,ਉਹ ਇੱਕ ਸੰਪਾਦਕ ਹਨ.,He is an editor.,اهي ايڊيٽر آهن.,These are editors.,அவர்கள் ஒரு ஆசிரியர்.,They are a teacher.,వారు సంపాదకులు.,They are the editors.,وہ ایک ایڈیٹر ہیں۔,He is an editor.
They are an electrician.,তারা একজন বৈদ্যুতিনবিদ।,They are an electron.,તેઓ ઇલેક્ટ્રિશિયન છે.,He is an electrician.,वे एक इलेक्ट्रीशियन हैं।,He is an electrician.,ಅವರು ಎಲೆಕ್ಟ್ರಿಷಿಯನ್.,He's an electrician.,അവർ ഒരു ഇലക്ട്രീഷ്യനാണ്.,They are an electrician.,ते एक इलेक्ट्रिशियन आहेत.,He is an electrician.,तिनीहरू इलेक्ट्रीशियन हुन्।,They are electricians.,ਉਹ ਇਕ ਇਲੈਕਟ੍ਰੀਸ਼ੀਅਨ ਹਨ.,He is an electrician.,اهي هڪ اليڪٽرڪ برقي آهن.,They are an electrician.,அவர்கள் எலக்ட்ரீஷியன்.,They are electricians.,వారు ఎలక్ట్రీషియన్.,They are electricians.,وہ ایک الیکٹریشن ہیں۔,She is an electrician.
They are an EMT specialist.,তারা একটি ইএমটি বিশেষজ্ঞ।,They are an EMT specialist.,તેઓ ઇએમટી નિષ્ણાત છે.,He is an EMT specialist.,वे एक ईएमटी विशेषज्ञ हैं।,He is an EMT specialist.,ಅವರು ಇಎಂಟಿ ತಜ್ಞರು.,They are EMT experts.,അവർ ഒരു ഇ എം ടി സ്പെഷ്യലിസ്റ്റാണ്.,They are an EMT specialist.,ते ईएमटी तज्ञ आहेत.,He is an EMT expert.,तिनीहरू EMT विशेषज्ञ हुन्।,They are EMT specialists.,ਉਹ ਇੱਕ ਈਐਮਟੀ ਮਾਹਰ ਹਨ.,He is an EMT specialist.,اهي اي ايم ٽي ماهر آهن.,They are EMT experts.,அவர்கள் ஒரு EMT நிபுணர்.,They are an EMT expert.,వారు EMT స్పెషలిస్ట్.,They are EMT Specialist.,وہ ایک EMT ماہر ہیں۔,He is an EMT specialist.
They are a farmer.,তারা কৃষক।,They are farmers.,તેઓ ખેડૂત છે.,He is a farmer.,वे एक किसान हैं।,He is a farmer.,ಅವರು ಕೃಷಿಕರು.,They are agriculturists.,അവർ ഒരു കർഷകനാണ്.,They are a farmer.,ते एक शेतकरी आहेत.,He is a farmer.,तिनीहरू किसान हुन्।,They are farmers.,ਉਹ ਇੱਕ ਕਿਸਾਨ ਹਨ.,He is a farmer.,اهي هڪ زميندار آهن.,They are a landowner.,அவர்கள் ஒரு விவசாயி.,They are a farmer.,వారు రైతు.,They are a farmer.,وہ کسان ہیں۔,He is a farmer.
They are a filmmaker.,তারা একজন চলচ্চিত্র নির্মাতা।,They are a filmmaker.,તેઓ એક ફિલ્મ નિર્માતા છે.,He is a filmmaker.,वे एक फिल्म निर्माता हैं।,He is a film producer.,ಅವರು ಚಲನಚಿತ್ರ ನಿರ್ಮಾಪಕರು.,They are filmmakers.,അവർ ഒരു ചലച്ചിത്രകാരനാണ്.,They are a filmmaker.,ते एक चित्रपट निर्माते आहेत.,He is a filmmaker.,तिनीहरू एक फिल्म निर्माता छन्।,He is a filmmaker.,ਉਹ ਇੱਕ ਫਿਲਮ ਨਿਰਮਾਤਾ ਹਨ.,He is a filmmaker.,اهي هڪ فلم ساز ٺاهيندڙ آهن.,He is a filmmaker.,அவர்கள் ஒரு திரைப்பட தயாரிப்பாளர்.,They are a filmmaker.,వారు చిత్రనిర్మాత.,They are filmmakers.,وہ ایک فلمساز ہیں۔,He is a filmmaker.
They are a firefighter.,তারা একটি দমকলকর্মী।,They are a firefighter.,તેઓ ફાયર ફાઇટર છે.,They are firefighters.,वे एक अग्निशामक हैं।,He is a firefighter.,ಅವರು ಅಗ್ನಿಶಾಮಕ ಸಿಬ್ಬಂದಿ.,They are firefighters.,അവർ ഒരു അഗ്നിശമന സേനാംഗമാണ്.,They are a firefighter.,ते अग्निशामक आहेत.,They are firefighters.,तिनीहरू फायर फाइटर हुन्।,They are firefighters.,ਉਹ ਅੱਗ ਬੁਝਾਉਣ ਵਾਲੇ ਹਨ.,They are fire extinguishers.,اهي فائر فائائيندڙ آهن.,They are firefighters.,அவர்கள் ஒரு தீயணைப்பு வீரர்.,They are a firefighter.,వారు అగ్నిమాపక సిబ్బంది.,They are firefighters.,وہ فائر فائٹر ہیں۔,They are firefighters.
They are a fisherman.,তারা একজন জেলে।,They are a fisherman.,તેઓ માછીમાર છે.,They are fishermen.,वे एक मछुआरे हैं।,He is a fisherman.,ಅವರು ಮೀನುಗಾರ.,He is a fisherman.,അവർ ഒരു മത്സ്യത്തൊഴിലാളിയാണ്.,They are a fisherman.,ते एक मच्छीमार आहेत.,He is a fisherman.,तिनीहरू मछुवा हुन्।,They are fishermen.,ਉਹ ਇੱਕ ਮਛੇਰੇ ਹਨ.,He is a fisherman.,اهي هڪ مڇي ماريندڙ آهن.,They are a fisherman.,அவர்கள் ஒரு மீனவர்.,They are a fisherman.,వారు ఒక జాలరి.,They are a fisherman.,وہ ایک ماہی گیر ہیں۔,He is a fisherman.
They are a flight attendant.,তারা একটি ফ্লাইট অ্যাটেন্ডেন্ট।,They are a flight attendant.,તેઓ ફ્લાઇટ એટેન્ડન્ટ છે.,They are flight attendants.,वे फ्लाइट अटेंडेंट हैं।,They are flight attendants.,ಅವರು ಫ್ಲೈಟ್ ಅಟೆಂಡೆಂಟ್.,He's a flight attendant.,അവർ ഒരു ഫ്ലൈറ്റ് അറ്റൻഡന്റാണ്.,They are a flight attendant.,ते फ्लाइट अटेंडंट आहेत.,They are flight attendants.,तिनीहरू एक उडान परिचर हुन्।,They are a flight attendant.,ਉਹ ਇੱਕ ਫਲਾਈਟ ਅਟੈਂਡੈਂਟ ਹਨ.,He is a flight attendant.,اهي هڪ پرواز ۾ شرڪت ڪندڙ آهن.,They are participants in a flight.,அவர்கள் ஒரு விமான உதவியாளர்.,They are an flight attendant.,వారు ఫ్లైట్ అటెండెంట్.,They are flight attendants.,وہ فلائٹ اٹینڈنٹ ہیں۔,She is a flight attendant.
They are a geneticist.,তারা একজন জেনেটিক বিশেষজ্ঞ।,They are a geneticist.,તેઓ આનુવંશિકતા છે.,They are heredity.,वे एक आनुवंशिकीविद् हैं।,He is a geneticist.,ಅವರು ತಳಿವಿಜ್ಞಾನಿ.,He is a geneticist.,അവർ ഒരു ജനിതകശാസ്ത്രജ്ഞനാണ്.,They are a geneticist.,ते अनुवंशशास्त्रज्ञ आहेत.,They are geneticists.,तिनीहरू आनुवंशिक विज्ञ हुन्।,They are geneticists.,ਉਹ ਜੈਨੇਟਿਕਸਿਸਟ ਹਨ.,They are geneticists.,اهي هڪ جينياتياتڪار آهن.,He is a geneticist.,அவர்கள் ஒரு மரபியலாளர்.,They are a geneticist.,వారు జన్యు శాస్త్రవేత్త.,They are geneticists.,وہ جینیات کے ماہر ہیں۔,He is a geneticist.
They are a geologist.,তারা একজন ভূতত্ত্ববিদ।,They are a geologist.,તેઓ ભૂસ્તરશાસ્ત્રી છે.,He is a geologist.,वे एक भूविज्ञानी हैं।,He is a geologist.,ಅವರು ಭೂವಿಜ್ಞಾನಿಗಳು.,They are geologists.,അവർ ഒരു ജിയോളജിസ്റ്റാണ്.,They are a geologist.,ते भूविज्ञानी आहेत.,They are geologists.,तिनीहरू भू-विज्ञानी हुन्।,They are geologists.,ਉਹ ਜੀਵ-ਵਿਗਿਆਨੀ ਹਨ।,They are biologists.,اهي جيولاجسٽ آهن.,They are geologists.,அவர்கள் ஒரு புவியியலாளர்.,They are a geographer.,వారు భూవిజ్ఞాన శాస్త్రవేత్త.,They are geologists.,وہ ماہر ارضیات ہیں۔,He is a geologist.
They are a graphic designer.,তারা একটি গ্রাফিক ডিজাইনার।,They are a graphic designer.,તેઓ ગ્રાફિક ડિઝાઇનર છે.,He is a graphic designer.,वे एक ग्राफिक डिजाइनर हैं।,He is a graphic designer.,ಅವರು ಗ್ರಾಫಿಕ್ ಡಿಸೈನರ್.,He is a graphic designer.,അവർ ഒരു ഗ്രാഫിക് ഡിസൈനറാണ്.,They are a graphic designer.,ते ग्राफिक डिझायनर आहेत.,He is a graphic designer.,तिनीहरू ग्राफिक डिजाइनर हुन्।,They are graphic designers.,ਉਹ ਗ੍ਰਾਫਿਕ ਡਿਜ਼ਾਈਨਰ ਹਨ.,They are graphic designers.,اهي گرافڪ ڊيزائنر آهن.,They are Graphic Designers.,அவர்கள் ஒரு கிராஃபிக் டிசைனர்.,They are a graphic designer.,వారు గ్రాఫిక్ డిజైనర్.,They are graphic designers.,وہ ایک گرافک ڈیزائنر ہیں۔,She is a graphic designer.
They are a human resource specialist.,তারা একজন মানবসম্পদ বিশেষজ্ঞ।,They are a human resource expert.,તેઓ માનવ સંસાધન નિષ્ણાત છે.,They are human resource experts.,वे मानव संसाधन विशेषज्ञ हैं।,He is a human resource specialist.,ಅವರು ಮಾನವ ಸಂಪನ್ಮೂಲ ತಜ್ಞರು.,They are HR specialists.,അവർ ഒരു മാനവ വിഭവ ശേഷി വിദഗ്ധരാണ്.,They are a human resource expert.,ते मानव संसाधन तज्ञ आहेत.,They are human resource experts.,तिनीहरू मानव संसाधन विशेषज्ञ हुन्।,They are human resource experts.,ਉਹ ਮਨੁੱਖੀ ਸਰੋਤ ਮਾਹਰ ਹਨ.,They are human resource experts.,اهي انساني وسيلن جا ماهر آهن.,They are experts in human resources.,அவர்கள் ஒரு மனித வள நிபுணர்.,They are a human resource expert.,వారు మానవ వనరుల నిపుణులు.,They are human resource professionals.,وہ ایک انسانی وسائل کے ماہر ہیں۔,He is a human resource expert.
They are an immunologist.,তারা একজন ইমিউনোলজিস্ট।,They are an immunologist.,તેઓ ઇમ્યુનોલોજિસ્ટ છે.,He is an immunologist.,वे एक इम्यूनोलॉजिस्ट हैं।,He is an immunologist.,ಅವರು ರೋಗನಿರೋಧಕ ತಜ್ಞರು.,They are immune specialists.,അവർ രോഗപ്രതിരോധശാസ്ത്രജ്ഞരാണ്.,They are immunologists.,ते रोगप्रतिकारविज्ञानी आहेत.,They are immunologists.,तिनीहरू एक प्रतिरक्षाविज्ञानी हुन्।,They are an immunologist.,ਉਹ ਇਕ ਇਮਿologistਨੋਲੋਜਿਸਟ ਹਨ.,He is an immunologist.,اهي هڪ امونولوجسٽ آهن.,He is an immunologist.,அவர்கள் நோயெதிர்ப்பு நிபுணர்.,They are immunologists.,వారు రోగనిరోధక శాస్త్రవేత్త.,They are immunologists.,وہ ایک امیونولوجسٹ ہیں۔,She is an immunologist.
They are an interpreters.,তারা একটি দোভাষী।,They are an interpreter.,તેઓ દુભાષિયા છે.,They are interpreters.,वे दुभाषिए हैं।,They are interpreters.,ಅವರು ವ್ಯಾಖ್ಯಾನಕಾರರು.,They are interpreters.,അവർ ഒരു വ്യാഖ്യാതാക്കളാണ്.,They are an interpreter.,ते दुभाषे आहेत.,They are interpreters.,तिनीहरू दोभाषे हुन्।,They are interpreters.,ਉਹ ਦੁਭਾਸ਼ੀਏ ਹਨ.,They are interpreters.,هو هڪ تعبير آهن.,They are an interpretation.,அவர்கள் ஒரு உரைபெயர்ப்பாளர்கள்.,They are an interpreters.,వారు వ్యాఖ్యాతలు.,They are commentators.,وہ ایک ترجمان ہیں۔,She is a spokesperson.
They are a jeweller.,তারা একজন জহরত।,They are a jewel.,તેઓ ઝવેરી છે.,They are jewelers.,वे एक जौहरी हैं।,He is a jeweller.,ಅವರು ಆಭರಣ ವ್ಯಾಪಾರಿ.,He is a jewelry dealer.,അവർ ഒരു ജ്വല്ലറിയാണ്.,They are a jeweler.,ते एक ज्वेलर आहेत.,He is a jeweler.,तिनीहरू एक जौहरी हुन्।,They are a jeweler.,ਉਹ ਇੱਕ ਗਹਿਣੇ ਹਨ.,They are an ornament.,اھي زيور آھن.,They are jewelry.,அவர்கள் ஒரு நகை வியாபாரி.,They are a jeweler.,వారు ఆభరణాలు.,They are ornaments.,وہ ایک زیور ہیں۔,They are an ornament.
They are a lawyer.,তারা আইনজীবী।,They are lawyers.,તેઓ વકીલ છે.,He is a lawyer.,वे एक वकील हैं।,He is a lawyer.,ಅವರು ವಕೀಲರು.,They are lawyers.,അവർ ഒരു അഭിഭാഷകനാണ്.,They are a lawyer.,ते वकील आहेत.,They are lawyers.,तिनीहरू एक वकिल हो।,They are a lawyer.,ਉਹ ਇੱਕ ਵਕੀਲ ਹਨ.,He is a lawyer.,اهي وڪيل آهن.,They are lawyers.,அவர்கள் ஒரு வழக்கறிஞர்.,They are a lawyer.,వారు న్యాయవాది.,They are a lawyer.,وہ ایک وکیل ہیں۔,He is a lawyer.
They are a librarian.,তারা একজন গ্রন্থাগারিক।,They are a librarian.,તેઓ એક ગ્રંથપાલ છે.,He is a librarian.,वे एक पुस्तकालयाध्यक्ष हैं।,He is a librarian.,ಅವರು ಗ್ರಂಥಪಾಲಕರು.,They are librarians.,അവർ ഒരു ലൈബ്രേറിയനാണ്.,They are a librarian.,ते ग्रंथपाल आहेत.,He is a librarian.,तिनीहरू लाइब्रेरियन हुन्।,They are librarians.,ਉਹ ਇੱਕ ਲਾਇਬ੍ਰੇਰੀਅਨ ਹਨ.,He is a librarian.,اهي هڪ لائبريرين آهن.,They are a librarian.,அவர்கள் ஒரு நூலகர்.,They are a librarian.,వారు లైబ్రేరియన్.,They are librarians.,وہ ایک لائبریرین ہیں۔,He is a librarian.
They are a licensed practical nurse.,তারা একজন লাইসেন্সপ্রাপ্ত ব্যবহারিক নার্স।,She is a licensed practical nurse.,તેઓ એક લાઇસન્સ પ્રાપ્ત વ્યવહારુ નર્સ છે.,She is a licensed practical nurse.,वे एक लाइसेंस प्राप्त व्यावहारिक नर्स हैं।,She is a licensed practical nurse.,ಅವರು ಪರವಾನಗಿ ಪಡೆದ ಪ್ರಾಯೋಗಿಕ ದಾದಿ.,She is a licensed clinical nurse.,അവർ ലൈസൻസുള്ള പ്രായോഗിക നഴ്‌സാണ്.,They are licensed practical nurses.,ते परवानाधारक प्रॅक्टिकल नर्स आहेत.,They are licensed practical nurses.,तिनीहरू एक इजाजतपत्र व्यावहारिक नर्स छन्।,They are a licensed practical nurse.,ਉਹ ਇੱਕ ਲਾਇਸੰਸਸ਼ੁਦਾ ਵਿਹਾਰਕ ਨਰਸ ਹਨ.,She is a licensed practical nurse.,اهي هڪ لائسنس يافته عملي نرس آهن.,She is a licensed practical nurse.,அவர்கள் உரிமம் பெற்ற நடைமுறை செவிலியர்.,They are licensed practice nurses.,వారు లైసెన్స్ పొందిన ప్రాక్టికల్ నర్సు.,They are a licensed practical nurse.,وہ ایک لائسنس یافتہ عملی نرس ہیں۔,She is a licensed practical nurse.
They are a mechanic.,তারা একজন মেকানিক।,They are a mechanic.,તેઓ મિકેનિક છે.,He is a mechanic.,वे एक मैकेनिक हैं।,He is a mechanic.,ಅವರು ಮೆಕ್ಯಾನಿಕ್.,He's a mechanic.,അവർ ഒരു മെക്കാനിക്ക് ആണ്.,They are a mechanic.,ते एक मेकॅनिक आहेत.,He is a mechanic.,तिनीहरू मेकानिक हुन्।,They are mechanics.,ਉਹ ਇਕ ਮਕੈਨਿਕ ਹਨ.,He is a mechanic.,اهي هڪ مستري آهن.,They are a mechanic.,அவர்கள் ஒரு மெக்கானிக்.,They are a mechanic.,వారు మెకానిక్.,They are mechanics.,وہ ایک مکینک ہیں۔,He is a mechanic.
They are a medical laboratory scientist.,তারা একটি মেডিকেল পরীক্ষাগার বিজ্ঞানী।,They are a medical laboratory scientist.,તેઓ તબીબી પ્રયોગશાળા વૈજ્ .ાનિક છે.,He is a medical laboratory scientist.,वे एक चिकित्सा प्रयोगशाला वैज्ञानिक हैं।,He is a medical laboratory scientist.,ಅವರು ವೈದ್ಯಕೀಯ ಪ್ರಯೋಗಾಲಯ ವಿಜ್ಞಾನಿ.,He is a medical laboratory scientist.,അവർ ഒരു മെഡിക്കൽ ലബോറട്ടറി ശാസ്ത്രജ്ഞരാണ്.,They are a medical laboratory scientist.,ते वैद्यकीय प्रयोगशाळेतील वैज्ञानिक आहेत.,He is a scientist in a medical laboratory.,तिनीहरू एक चिकित्सा प्रयोगशाला वैज्ञानिक हुन्।,They are a medical laboratory scientist.,ਉਹ ਇੱਕ ਮੈਡੀਕਲ ਲੈਬਾਰਟਰੀ ਵਿਗਿਆਨੀ ਹਨ.,He is a medical laboratory scientist.,اھي ھڪ طبي ليبارٽري سائنسدان آھن.,He is a medical laboratory scientist.,அவர்கள் ஒரு மருத்துவ ஆய்வக விஞ்ஞானி.,They are a medical laboratory scientist.,వారు వైద్య ప్రయోగశాల శాస్త్రవేత్త.,They are a medical laboratory scientist.,وہ میڈیکل لیبارٹری کے سائنسدان ہیں۔,He is a medical laboratory scientist.
They are a meteorologist.,তারা একজন আবহাওয়াবিদ।,They are a meteorologist.,તેઓ હવામાનશાસ્ત્રી છે.,They are meteorologists.,वे मौसम विज्ञानी हैं।,He is a meteorologist.,ಅವರು ಹವಾಮಾನ ತಜ್ಞರು.,They are weather experts.,അവർ ഒരു കാലാവസ്ഥാ നിരീക്ഷകനാണ്.,They are a meteorologist.,ते हवामानशास्त्रज्ञ आहेत.,They are meteorologists.,तिनीहरू मौसमविद् हो।,They are meteorologists.,ਉਹ ਇੱਕ ਮੌਸਮ ਵਿਗਿਆਨੀ ਹਨ.,He is a meteorologist.,اهي هڪ ماهر موسميات آهن.,They are an expert weatherman.,அவர்கள் ஒரு வானிலை ஆய்வாளர்.,They are a meteorologist.,వారు వాతావరణ శాస్త్రవేత్త.,They are meteorologists.,وہ ماہر موسمیات ہیں۔,He is a meteorologist.
They are a midwife.,তারা একজন ধাত্রী।,They are a midwife.,તેઓ એક મિડવાઇફ છે.,She is a midwife.,वे एक दाई हैं।,They are a midwife.,ಅವರು ಸೂಲಗಿತ್ತಿ.,He is a midwife.,അവർ ഒരു മിഡ്വൈഫാണ്.,They are a midwife.,ते एक दाई आहेत.,She is a midwife.,तिनीहरू एक सुँडेनी हुन्।,She is a midwife.,ਉਹ ਦਾਈ ਹਨ.,They are midwives.,اهي aائي قابيل آهن.,They are ai able.,அவர்கள் ஒரு மருத்துவச்சி.,They are a midwife.,వారు ఒక మంత్రసాని.,They are a midwife.,وہ دائی ہیں۔,She is a midwife.
They are a military officer.,তারা একজন সামরিক কর্মকর্তা।,They are a military officer.,તેઓ લશ્કરી અધિકારી છે.,He is a military officer.,वे एक सैन्य अधिकारी हैं।,He is a military officer.,ಅವರು ಮಿಲಿಟರಿ ಅಧಿಕಾರಿ.,He is a military officer.,അവർ ഒരു സൈനിക ഉദ്യോഗസ്ഥനാണ്.,They are a military officer.,ते सैन्य अधिकारी आहेत.,They are military officers.,तिनीहरू एक सैन्य अधिकारी हुन्।,They are a military officer.,ਉਹ ਇੱਕ ਫੌਜੀ ਅਧਿਕਾਰੀ ਹਨ.,He is a military officer.,اهي فوجي آفيسر آهن.,They are military officers.,அவர்கள் ஒரு ராணுவ அதிகாரி.,They are an army officer.,వారు మిలటరీ అధికారి.,They are a military officer.,وہ ایک فوجی افسر ہیں۔,He is a military officer.
They are a nutritionist.,তারা একজন পুষ্টিবিদ।,They are a nutritionist.,તેઓ ન્યુટ્રિશનિસ્ટ છે.,They are nutritionists.,वे एक पोषण विशेषज्ञ हैं।,He is a nutritionist.,ಅವರು ಪೌಷ್ಟಿಕತಜ್ಞರು.,They are nutritionists.,അവർ പോഷകാഹാര വിദഗ്ധരാണ്.,They are nutritionists.,ते पोषण तज्ञ आहेत.,They are nutritionists.,तिनीहरू पोषण विशेषज्ञ हुन्।,They are nutritionists.,ਉਹ ਪੌਸ਼ਟਿਕ ਤੱਤ ਹਨ.,They are nutrients.,اهي هڪ غذائيت پسند آهن.,They are a nutritionist.,அவர்கள் ஒரு ஊட்டச்சத்து நிபுணர்.,They are a nutritionist.,వారు పోషకాహార నిపుణులు.,They are nutritionists.,وہ غذائیت پسند ہیں۔,They are nutritionists.
They are an oceanographer.,তারা একজন সমুদ্রবিদ।,They are an oceanographer.,તેઓ એક સમુદ્રવિજ્ .ાની છે.,He is an oceanographer.,वे एक समुद्र विज्ञानी हैं।,He is an oceanographer.,ಅವರು ಸಮುದ್ರಶಾಸ್ತ್ರಜ್ಞ.,He is an oceanographer.,അവർ ഒരു സമുദ്രശാസ്ത്രജ്ഞനാണ്.,They are an oceanographer.,ते एक समुद्रशास्त्रज्ञ आहेत.,He is an oceanographer.,तिनीहरू एक समुद्र वैज्ञानिक छन्।,They are an oceanographer.,ਉਹ ਸਮੁੰਦਰੀ ਲੇਖਕ ਹਨ.,He is a marine writer.,اهي سامونڊي ماهر آهن.,They are marine experts.,அவர்கள் ஒரு கடல்சார்.,They are a marine.,వారు ఓషనోగ్రాఫర్.,They are oceanographers.,وہ ایک بحر سائنسدان ہیں۔,He is an oceanographer.
They are an osteopath.,তারা একজন অস্টিওপ্যাথ।,They are an osteopath.,તેઓ એક osસ્ટિઓપેથ છે.,They are an os steopath.,वे एक ऑस्टियोपैथ हैं।,He is an osteopath.,ಅವರು ಅಸ್ಥಿಪಂಜರ.,He is a skeleton.,അവ ഒരു ഓസ്റ്റിയോപത്താണ്.,They are an osteopath.,ते ऑस्टिओपॅथ आहेत.,They are osteopaths.,तिनीहरू अस्थि रोग हो।,They are bone diseases.,ਉਹ ਇੱਕ ਗਠੀਏ ਹਨ.,They have an arthritis.,اهي هڪ اوستيوپيٿا آهن.,They are an osteopathy.,அவர்கள் ஒரு ஆஸ்டியோபாத்.,They are an osteopath.,అవి బోలు ఎముకల వ్యాధి.,They are osteoporosis.,وہ آسٹیوپیتھ ہیں۔,She is an osteopath.
They are a painter.,তারা একজন চিত্রশিল্পী।,They are a painter.,તેઓ એક ચિત્રકાર છે.,He is a painter.,वे एक चित्रकार हैं।,He is a painter.,ಅವರು ವರ್ಣಚಿತ್ರಕಾರರು.,They are painters.,അവർ ഒരു ചിത്രകാരനാണ്.,They are a painter.,ते चित्रकार आहेत.,They are painters.,तिनीहरू चित्रकार हुन्।,They are painters.,ਉਹ ਇੱਕ ਚਿੱਤਰਕਾਰ ਹਨ.,He is a painter.,اهي هڪ پينٽر آهن.,They are a painter.,அவர்கள் ஒரு ஓவியர்.,They are a painter.,వారు చిత్రకారుడు.,They are painter.,وہ ایک پینٹر ہیں۔,He is a painter.
They are a paramedic.,তারা একটি প্যারামেডিক।,They are a paramedic.,તેઓ એક પેરામેડિક છે.,He is a paramedic.,वे एक पैरामेडिक हैं।,He is a paramedic.,ಅವರು ಅರೆವೈದ್ಯರು.,They are semiotics.,അവർ ഒരു പാരാമെഡിക്കാണ്.,They are a paramedic.,ते एक पॅरामेडिक आहेत.,He is a paramedic.,तिनीहरू एक प्यारामेडिक हो।,They are a paramedic.,ਉਹ ਇੱਕ ਪੈਰਾ ਮੈਡੀਕਲ ਹਨ.,They are a paramedic.,اهي هڪ طبقي جي تيار ڪيل آهن.,They are made of a class.,அவர்கள் ஒரு துணை மருத்துவர்.,They are a paramedic.,వారు పారామెడిక్.,They are paramedic.,وہ ایک پیرامیڈک ہیں۔,He is a paramedic.
They are a pathologist.,তারা একজন রোগ বিশেষজ্ঞ ologist,They are a pathologist,તેઓ પેથોલોજીસ્ટ છે.,He is a pathologist.,वे एक पैथोलॉजिस्ट हैं।,He is a pathologist.,ಅವರು ರೋಗಶಾಸ್ತ್ರಜ್ಞರು.,They are pathologists.,അവർ ഒരു പാത്തോളജിസ്റ്റാണ്.,They are a pathologist.,ते पॅथॉलॉजिस्ट आहेत.,He is a pathologist.,तिनीहरू एक रोगविज्ञानी हुन्।,They are a pathologist.,ਉਹ ਇੱਕ ਰੋਗ ਵਿਗਿਆਨੀ ਹਨ.,He is a pathologist.,اهي هڪ پيٿالوجسٽ آهن.,He is a pathologist.,அவர்கள் ஒரு நோயியல் நிபுணர்.,They are a pathologist.,వారు పాథాలజిస్ట్.,They are pathologists.,وہ پیتھالوجسٹ ہیں۔,He is a pathologist.
They are a pharmacologist.,তারা একজন ফার্মাকোলজিস্ট।,They are a pharmacologist.,તેઓ ફાર્માકોલોજિસ્ટ છે.,He is a pharmacologist.,वे एक फार्माकोलॉजिस्ट हैं।,He is a pharmacologist.,ಅವರು c ಷಧಶಾಸ್ತ್ರಜ್ಞರು.,They are c oncologists.,അവർ ഒരു ഫാർമക്കോളജിസ്റ്റാണ്.,They are a pharmacologist.,ते औषधनिर्माणशास्त्रज्ञ आहेत.,He is a pharmacologist.,तिनीहरू औषधिविद् हो।,They are pharmacologists.,ਉਹ ਇੱਕ ਫਾਰਮਾਸੋਲੋਜਿਸਟ ਹਨ.,He is a pharmacologist.,اھي فارماسولوجسٽ آھن.,They are pharmacologists.,அவர்கள் மருந்தியல் நிபுணர்.,They are pharmacologists.,వారు ఫార్మకాలజిస్ట్.,They are pharmacologists.,وہ فارماسولوجسٹ ہیں۔,He is a pharmacologist.
They are a philosopher.,তারা দার্শনিক।,They are philosophers.,તેઓ ફિલોસોફર છે.,He is a philosopher.,वे एक दार्शनिक हैं।,He is a philosopher.,ಅವರು ದಾರ್ಶನಿಕರು.,They are visionaries.,അവർ ഒരു തത്ത്വചിന്തകനാണ്.,They are a philosopher.,ते तत्वज्ञानी आहेत.,They are philosophers.,तिनीहरू दार्शनिक हुन्।,They are philosophers.,ਉਹ ਇੱਕ ਦਾਰਸ਼ਨਿਕ ਹਨ.,He is a philosopher.,هي هڪ فلسفي آهن.,They are a philosophy.,அவர்கள் ஒரு தத்துவவாதி.,They are a philosopher.,వారు ఒక తత్వవేత్త.,They are a philosopher.,وہ ایک فلسفی ہیں۔,He is a philosopher.
They are a photographer.,তারা একজন ফটোগ্রাফার।,They are a photographer.,તેઓ ફોટોગ્રાફર છે.,He is a photographer.,वे एक फोटोग्राफर हैं।,He is a photographer.,ಅವರು ographer ಾಯಾಗ್ರಾಹಕರು.,They are ographer photographers.,അവർ ഒരു ഫോട്ടോഗ്രാഫറാണ്.,They are a photographer.,ते छायाचित्रकार आहेत.,They are photographers.,तिनीहरू फोटोग्राफर हुन्।,They are photographers.,ਉਹ ਇੱਕ ਫੋਟੋਗ੍ਰਾਫਰ ਹਨ.,He is a photographer.,اهي هڪ فوٽوگرافر آهن.,He is a photographer.,அவர்கள் ஒரு புகைப்படக்காரர்.,They are a photographer.,వారు ఫోటోగ్రాఫర్.,They are photographers.,وہ فوٹو گرافر ہیں۔,He is a photographer.
They are a physician assistant.,তারা একটি চিকিত্সক সহকারী।,They are a physician assistant.,તેઓ એક ચિકિત્સક સહાયક છે.,He is a physician assistant.,वे एक चिकित्सक सहायक हैं।,He is a medical assistant.,ಅವರು ವೈದ್ಯ ಸಹಾಯಕರು.,They are physician assistants.,അവർ ഒരു ഫിസിഷ്യൻ അസിസ്റ്റന്റാണ്.,She is a Physician Assistant.,ते एक फिजीशियन सहाय्यक आहेत.,He is a physician assistant.,तिनीहरू एक चिकित्सक सहायक हो।,They are a physician assistant.,ਉਹ ਇੱਕ ਡਾਕਟਰ ਸਹਾਇਕ ਹਨ.,He is a medical assistant.,اھي ھڪڙو طبيب اسسٽنٽ آھن.,He is a physician assistant.,அவர்கள் மருத்துவர் உதவியாளர்கள்.,They are physician assistants.,వారు ఫిజిషియన్ అసిస్టెంట్.,They are Physician Assistant.,وہ ایک معالج معاون ہیں۔,She is a physician assistant.
They are a physicist.,তারা একজন পদার্থবিদ।,They are a physicist.,તેઓ એક ભૌતિકશાસ્ત્રી છે.,He is a physicist.,वे एक भौतिक विज्ञानी हैं।,He is a physicist.,ಅವರು ಭೌತಶಾಸ್ತ್ರಜ್ಞ.,He is a physicist.,അവർ ഒരു ഭൗതികശാസ്ത്രജ്ഞനാണ്.,They are a physicist.,ते भौतिकशास्त्रज्ञ आहेत.,They are physicists.,तिनीहरू भौतिकशास्त्री हुन्।,They are physicists.,ਉਹ ਭੌਤਿਕ ਵਿਗਿਆਨੀ ਹਨ.,They are physicists.,اهي هڪ فزڪسسٽ.,They are a physicist.,அவர்கள் ஒரு இயற்பியலாளர்.,They are a physicist.,వారు భౌతిక శాస్త్రవేత్త.,They are physicists.,وہ ایک طبیعیات دان ہیں۔,He is a physicist.
They are a pilot.,তারা একজন পাইলট।,They are a pilot.,તેઓ પાઇલટ છે.,They are pilots.,वे एक पायलट हैं।,He is a pilot.,ಅವರು ಪೈಲಟ್.,He's a pilot.,അവർ ഒരു പൈലറ്റാണ്.,They are a pilot.,ते पायलट आहेत.,They are pilots.,तिनीहरू पायलट हुन्।,They are pilots.,ਉਹ ਇੱਕ ਪਾਇਲਟ ਹਨ.,He is a pilot.,اهي پائلٽ آهن.,They are pilots.,அவர்கள் ஒரு பைலட்.,They are a pilot.,వారు పైలట్.,They are pilots.,وہ پائلٹ ہیں۔,They are pilots.
They are a plumber.,তারা একটি নদীর গভীরতানির্ণয় হয়।,They are a plumbing.,તેઓ પ્લમ્બર છે.,They are plumbers.,वे प्लंबर हैं।,They are plumbers.,ಅವರು ಕೊಳಾಯಿಗಾರರು.,They are plumbers.,അവർ ഒരു പ്ലംബർ ആണ്.,They are a plumber.,ते एक प्लंबर आहेत.,He is a plumber.,तिनीहरू प्लम्बर हुन्।,They are plumbers.,ਉਹ ਇੱਕ ਪਲੰਬਰ ਹਨ.,He is a plumber.,اهي هڪ پلمبر آهن.,They are a plumber.,அவர்கள் ஒரு பிளம்பர்.,They are a plumber.,వారు ప్లంబర్.,They are plumbers.,وہ ایک پلمبر ہیں۔,He is a plumber.
They are a politician.,তারা রাজনীতিবিদ।,They are politicians.,તેઓ રાજકારણી છે.,He is a politician.,वे एक राजनेता हैं।,He is a politician.,ಅವರು ರಾಜಕಾರಣಿ.,He is a politician.,അവർ ഒരു രാഷ്ട്രീയക്കാരനാണ്.,They are a politician.,ते एक राजकारणी आहेत.,He is a politician.,तिनीहरू राजनीतिज्ञ हुन्।,They are politicians.,ਉਹ ਇਕ ਰਾਜਨੇਤਾ ਹਨ.,He is a politician.,اهي هڪ سياستدان آهن.,He is a politician.,அவர்கள் ஒரு அரசியல்வாதி.,They are a politician.,వారు రాజకీయ నాయకులు.,They are politicians.,وہ سیاستدان ہیں۔,He is a politician.
They are a receptionist.,তারা একটি অভ্যর্থনাবিদ।,They are a receptionist.,તેઓ રિસેપ્શનિસ્ટ છે.,He is a receptionist.,वे रिसेप्शनिस्ट हैं।,He is the receptionist.,ಅವರು ಸ್ವಾಗತಕಾರರು.,They are receptionists.,അവർ ഒരു റിസപ്ഷനിസ്റ്റാണ്.,They are a receptionist.,ते रिसेप्शनिस्ट आहेत.,They are receptionists.,तिनीहरू एक रिसेप्शनिस्ट हुन्।,They are a receptionist.,ਉਹ ਇੱਕ ਰਿਸੈਪਸ਼ਨਿਸਟ ਹਨ.,She is a receptionist.,اهي هڪ رضاڪار آهن.,They are a volunteer.,அவர்கள் ஒரு வரவேற்பாளர்.,They are a receptionist.,వారు రిసెప్షనిస్ట్.,They are the receptionist.,وہ استقبالیہ ہیں۔,They are welcome.
They are a registered nurse.,তারা একজন নিবন্ধিত নার্স।,She is a registered nurse.,તેઓ રજિસ્ટર્ડ નર્સ છે.,She is a registered nurse.,वे एक पंजीकृत नर्स हैं।,She is a registered nurse.,ಅವರು ನೋಂದಾಯಿತ ನರ್ಸ್.,He is a registered nurse.,അവർ രജിസ്റ്റർ ചെയ്ത നഴ്‌സാണ്.,They are registered nurses.,ते नोंदणीकृत परिचारिका आहेत.,They are registered nurses.,तिनीहरू दर्ता नर्स छन्।,They are registered nurses.,ਉਹ ਇੱਕ ਰਜਿਸਟਰਡ ਨਰਸ ਹਨ.,She is a registered nurse.,اهي هڪ رجسٽرڊ نرس آهن.,He is a registered nurse.,அவர்கள் பதிவுசெய்யப்பட்ட நர்ஸ்.,They are registered nurses.,వారు రిజిస్టర్డ్ నర్సు.,They are a registered nurse.,وہ رجسٹرڈ نرس ہیں۔,She is a registered nurse.
They are a salesman.,তারা একজন বিক্রয়কর্মী।,They are a salesman.,તેઓ સેલ્સમેન છે.,They are salesmen.,वे एक सेल्समैन हैं।,He is a salesman.,ಅವರು ಸೇಲ್ಸ್‌ಮ್ಯಾನ್.,He's a salesman.,അവർ ഒരു സെയിൽസ്മാനാണ്.,They are a salesman.,ते एक विक्रेता आहेत.,They are a seller.,तिनीहरू एक बिक्रेता हो।,They are a seller.,ਉਹ ਇੱਕ ਸੇਲਜ਼ਮੈਨ ਹਨ.,He is a salesman.,اهي وڪرو وڪڻندڙ آهن.,They are selling sellers.,அவர்கள் ஒரு விற்பனையாளர்.,They are a salesperson.,వారు సేల్స్ మాన్.,They are salesmen.,وہ ایک سیلز مین ہیں۔,He is a salesman.
They are a salesperson.,তারা একজন বিক্রয়কর্মী।,They are a salesman.,તેઓ સેલ્સપર્સન છે.,They are salespersons.,वे एक विक्रेता हैं।,They are a seller.,ಅವರು ಮಾರಾಟಗಾರರಾಗಿದ್ದಾರೆ.,He is a salesman.,അവർ ഒരു വിൽപ്പനക്കാരനാണ്.,They are a salesperson.,ते एक विक्रेता आहेत.,They are a seller.,तिनीहरू एक विक्रेता हुन्।,They are a seller.,ਉਹ ਇੱਕ ਸੇਲਸਪਰਸਨ ਹਨ.,She is a salesperson.,اهي وڪرو ڪندڙ آهن.,They are sellers.,அவர்கள் ஒரு விற்பனையாளர்.,They are a salesperson.,వారు అమ్మకందారులే.,They are sellers.,وہ سیلز پرسن ہیں۔,They are sales people.
They are a scientist.,তারা একটি বিজ্ঞানী।,They are a scientist.,તેઓ વૈજ્ .ાનિક છે.,They are scientific.,वे एक वैज्ञानिक हैं।,He is a scientist.,ಅವರು ವಿಜ್ಞಾನಿಗಳು.,They are scientists.,അവർ ഒരു ശാസ്ത്രജ്ഞനാണ്.,They are a scientist.,ते एक वैज्ञानिक आहेत.,He is a scientist.,तिनीहरू एक वैज्ञानिक हुन्।,They are a scientist.,ਉਹ ਇੱਕ ਵਿਗਿਆਨੀ ਹਨ.,He is a scientist.,اهي هڪ سائنسدان آهن.,They are a scientist.,அவர்கள் ஒரு விஞ்ஞானி.,They are a scientist.,వారు శాస్త్రవేత్త.,They are scientists.,وہ ایک سائنسدان ہیں۔,He is a scientist.
They are a sea captain.,তারা একজন সমুদ্র অধিনায়ক।,They are a sea captain.,તેઓ સમુદ્રના કેપ્ટન છે.,He is the captain of the sea.,वे एक समुद्री कप्तान हैं।,He is a sea captain.,ಅವರು ಸಮುದ್ರ ಕ್ಯಾಪ್ಟನ್.,He is a sea captain.,അവർ ഒരു കടൽ ക്യാപ്റ്റനാണ്.,They are a sea captain.,ते समुद्री कर्णधार आहेत.,He is a sea captain.,तिनीहरू समुद्री कप्तान हुन्।,They are sea captains.,ਉਹ ਸਮੁੰਦਰੀ ਕਪਤਾਨ ਹਨ।,He is the captain of the sea.,اهي سمنڊ جي ڪئپٽن آهن.,They are the captains of the sea.,அவர்கள் ஒரு கடல் கேப்டன்.,They are a sea captain.,వారు సీ కెప్టెన్.,They are Sea Captain.,وہ سمندری کپتان ہیں۔,He is a sea captain.
They are a secretary.,তারা সেক্রেটারি।,They are secretaries.,તેઓ સેક્રેટરી છે.,He is the secretary.,वे एक सचिव हैं।,He is a secretary.,ಅವರು ಕಾರ್ಯದರ್ಶಿ.,He is the secretary.,അവർ ഒരു സെക്രട്ടറിയാണ്.,They are a secretary.,ते एक सचिव आहेत.,He is a secretary.,तिनीहरू एक सचिव छन्।,They are a secretary.,ਉਹ ਇਕ ਸਕੱਤਰ ਹਨ.,He is a secretary.,اهي هڪ سيڪريٽري آهن.,He is a secretary.,அவர்கள் ஒரு செயலாளர்.,They are a secretary.,వారు కార్యదర్శి.,They are the secretary.,وہ ایک سکریٹری ہیں۔,She is a secretary.
They are a singer.,তারা একটি গায়ক।,They are a singer.,તેઓ એક ગાયક છે.,He is a singer.,वे एक गायक हैं।,He is a singer.,ಅವರು ಗಾಯಕ.,He's a singer.,അവർ ഒരു ഗായകനാണ്.,She is a singer.,ते एक गायक आहेत.,He is a singer.,तिनीहरू एक गायक हुन्।,They are a singer.,ਉਹ ਇੱਕ ਗਾਇਕ ਹਨ.,He is a singer.,اهي سنگتي آهن.,They are companions.,அவர்கள் ஒரு பாடகர்.,They are a singer.,వారు గాయకుడు.,They are a singer.,وہ ایک گلوکار ہیں۔,She is a singer.
They are a solicitor.,তারা একজন আইনজীবী।,They are a lawyer.,તેઓ વકીલ છે.,He is a lawyer.,वे एक वकील हैं।,He is a lawyer.,ಅವರು ಸಾಲಿಸಿಟರ್.,He is a solicitor.,അവർ ഒരു അഭിഭാഷകനാണ്.,They are a lawyer.,ते एक वकील आहेत.,He is a lawyer.,तिनीहरू एक वकिल हुनुहुन्छ।,They are a lawyer.,ਉਹ ਇੱਕ ਵਕੀਲ ਹਨ.,He is a lawyer.,اهي وڪيل آهن.,They are lawyers.,அவர்கள் ஒரு வழக்குரைஞர்.,They are a lawyer.,వారు ఒక న్యాయవాది.,They are a lawyer.,وہ ایک وکیل ہیں۔,He is a lawyer.
They are a speech pathologist.,তারা একটি স্পিচ প্যাথলজিস্ট।,They are a speech pathologist.,તેઓ ભાષણ રોગવિજ્ .ાની છે.,He is a speech pathologist.,वे स्पीच पैथोलॉजिस्ट हैं।,He is a speech pathologist.,ಅವರು ಭಾಷಣ ರೋಗಶಾಸ್ತ್ರಜ್ಞರು.,They are speech pathologists.,അവർ ഒരു സ്പീച്ച് പാത്തോളജിസ്റ്റാണ്.,They are a speech pathologist.,ते भाषण पॅथॉलॉजिस्ट आहेत.,He is a speech pathologist.,तिनीहरू एक भाषण रोगविज्ञानी हुन्।,They are a speech pathologist.,ਉਹ ਇੱਕ ਸਪੀਚ ਪੈਥੋਲੋਜਿਸਟ ਹਨ.,He is a speech pathologist.,اهي تقرير پيشي پرست آهن.,They are speechists.,அவர்கள் பேச்சு நோயியல் நிபுணர்.,They are speech pathologists.,వారు స్పీచ్ పాథాలజిస్ట్.,They are speech pathologists.,وہ اسپیچ پیتھالوجسٹ ہیں۔,He is a speech pathologist.
They are a speech-language pathologist.,তারা একটি বাক-ভাষা রোগ বিশেষজ্ঞ।,They are a speech-language pathologist.,તેઓ ભાષણ ભાષાના પેથોલોજીસ્ટ છે.,He is a pathologist of speech language.,वे एक भाषण-भाषा रोगविज्ञानी हैं।,He is a speech-language pathologist.,ಅವರು ಭಾಷಣ-ಭಾಷೆಯ ರೋಗಶಾಸ್ತ್ರಜ್ಞರು.,They are speech-language pathologists.,അവർ ഒരു സ്പീച്ച്-ലാംഗ്വേജ് പാത്തോളജിസ്റ്റാണ്.,They are a speech-language pathologist.,ते भाषण भाषेचे पॅथॉलॉजिस्ट आहेत.,He is a pathologist of speech language.,तिनीहरू वाणी भाषा रोगविज्ञानी हुन्।,They are speech pathologists.,ਉਹ ਇੱਕ ਭਾਸ਼ਣ-ਭਾਸ਼ਾ ਦੇ ਰੋਗ ਵਿਗਿਆਨੀ ਹਨ.,He is a speech-language pathologist.,اهي تقرير ٻولي جي بيماري وارا آهن.,They are speechless disorders.,அவர்கள் பேச்சு மொழி நோயியல் நிபுணர்.,They are speech language pathologists.,వారు స్పీచ్-లాంగ్వేజ్ పాథాలజిస్ట్.,They are a speech-language pathologist.,وہ اسپیچ لینگویج ماہر نفسیات ہیں۔,She is a speech language psychologist.
They are a statistician.,তারা একটি পরিসংখ্যানবিদ।,They are a statistician.,તેઓ આંકડાશાસ્ત્રી છે.,He is a statistician.,वे एक सांख्यिकीविद् हैं।,He is a statistician.,ಅವರು ಸಂಖ್ಯಾಶಾಸ್ತ್ರಜ್ಞರು.,They are statisticians.,അവർ ഒരു സ്ഥിതിവിവരക്കണക്കാണ്.,They are a statistic.,ते एक सांख्यिकीविद् आहेत.,He is a statistician.,तिनीहरू सांख्यिकीविद् हुन्।,They are statisticians.,ਉਹ ਇੱਕ ਅੰਕੜਾਵਾਦੀ ਹਨ.,He is a statistician.,اهي هڪ شاهوڪار آهن.,They are a martyr.,அவர்கள் ஒரு புள்ளிவிவர நிபுணர்.,They are a statistician.,వారు గణాంకవేత్త.,They are statisticians.,وہ ایک شماریاتی ماہر ہیں۔,He is a statistician.
They are a surveyor.,তারা একজন সমীক্ষক।,They are a surveyor.,તેઓ એક સર્વેયર છે.,He is a surveyor.,वे एक सर्वेक्षक हैं।,He is a surveyor.,ಅವರು ಸರ್ವೇಯರ್.,He is a surveyor.,അവർ ഒരു സർവേയറാണ്.,They are a surveyor.,ते एक सर्वेक्षण करणारे आहेत.,They are a surveyors.,तिनीहरू एक सर्वेक्षणकर्ता हुन्।,They are a surveyor.,ਉਹ ਇੱਕ ਨਿਰੀਖਕ ਹਨ.,He is an inspector.,اهي سرويٽر آهن.,They are the surveyors.,அவர்கள் ஒரு சர்வேயர்.,They are a surveyor.,వారు ఒక సర్వేయర్.,They are a surveyor.,وہ ایک سرویئر ہیں۔,He is a surveyor.
They are a therapist.,তারা একজন থেরাপিস্ট।,They are a therapist.,તેઓ ચિકિત્સક છે.,He is a physician.,वे एक थेरेपिस्ट हैं।,He is a therapist.,ಅವರು ಚಿಕಿತ್ಸಕರು.,They are therapists.,അവർ ഒരു തെറാപ്പിസ്റ്റാണ്.,They are a therapist.,ते एक थेरपिस्ट आहेत.,He is a therapist.,तिनीहरू एक चिकित्सक हो।,He is a physician.,ਉਹ ਇੱਕ ਚਿਕਿਤਸਕ ਹਨ.,He is a physician.,اهي هڪ معالج آهن.,They are a therapist.,அவர்கள் ஒரு சிகிச்சையாளர்.,They are a therapist.,వారు చికిత్సకుడు.,They are therapist.,وہ ایک معالج ہیں۔,He is a physician.
They are an undertaker.,তারা একটি উপস্থাপক।,They are a presenter.,તેઓ એક બાંયધરી આપનાર છે.,They are a guarantor.,वे एक उपक्रमकर्ता हैं।,He is an entrepreneur.,ಅವರು ಕೆಲಸಗಾರರಾಗಿದ್ದಾರೆ.,They are workers.,അവർ ഒരു ചുമതലക്കാരനാണ്.,They are in charge.,ते उपक्रमधारक आहेत.,They are entrepreneurs.,तिनीहरू एक उपक्रमकर्ता हुन्।,They are an entrepreneur.,ਉਹ ਇਕ ਅੰਡਰਟੇਕਰ ਹਨ.,He is an Undertaker.,اهي ٺاهيل ماڻهو آهن.,They are made-up people.,அவர்கள் ஒரு வேலை செய்பவர்கள்.,They are a workaholic.,వారు ఒక పని.,They are a work in progress.,وہ ایک انڈر ٹیکر ہیں۔,He is an Undertaker.
They are an urban planner.,তারা একটি নগর পরিকল্পনাবিদ।,They are an urban planner.,તેઓ શહેરી આયોજક છે.,He is an urban planner.,वे एक शहरी योजनाकार हैं।,He is an urban planner.,ಅವರು ನಗರ ಯೋಜಕರು.,They are city planners.,അവർ ഒരു നഗര ആസൂത്രകനാണ്.,They are a city planner.,ते शहरी नियोजक आहेत.,They are urban planners.,तिनीहरू शहरी योजनाकार हुन्।,They are urban planners.,ਉਹ ਇੱਕ ਸ਼ਹਿਰੀ ਯੋਜਨਾਕਾਰ ਹਨ.,He is an urban planner.,اهي شهري منصوبابندي ڪندڙ آهن.,They are urban planners.,அவர்கள் நகர்ப்புற திட்டமிடுபவர்கள்.,They are urban planners.,వారు అర్బన్ ప్లానర్.,They are Urban Planner.,وہ شہری منصوبہ ساز ہیں۔,He is a city planner.
They are a videographer.,তারা একজন ভিডিওগ্রাফার।,They are a videographer.,તેઓ એક વિડીયોગ્રાફર છે.,He is a videographer.,वे एक वीडियोग्राफर हैं।,He is a videographer.,ಅವರು ವಿಡಿಯೋಗ್ರಾಫರ್.,He is a videographer.,അവർ വീഡിയോഗ്രാഫറാണ്.,They are videographers.,ते एक व्हिडिओग्राफर आहेत.,He is a videographer.,तिनीहरू एक भिडियोोग्राफर हो।,He is a videographer.,ਉਹ ਇੱਕ ਵੀਡੀਓਗ੍ਰਾਫਰ ਹਨ.,He is a videographer.,اهي هڪ وڊيو گرافر آهن.,He is a videographer.,அவர்கள் வீடியோகிராஃபர்.,They are videographer.,వారు వీడియోగ్రాఫర్.,They are videographer.,وہ ویڈیو گرافر ہیں۔,He is a videographer.
They are a virologist.,তারা একজন ভাইরোলজিস্ট।,They are a virologist.,તેઓ વાઇરોલોજીસ્ટ છે.,He is a virologist.,वे एक वायरोलॉजिस्ट हैं।,He is a Virologist.,ಅವರು ವೈರಾಲಜಿಸ್ಟ್.,He is a virologist.,അവർ ഒരു വൈറോളജിസ്റ്റാണ്.,They are a virologist.,ते एक व्हायरोलॉजिस्ट आहेत.,He is a virologist.,तिनीहरू एक भाइरोग विशेषज्ञ हुन्।,They are a virologist.,ਉਹ ਇਕ ਵਾਇਰਲੋਜਿਸਟ ਹਨ.,He is a virologist.,اهي هڪ وائرالوجسٽ آهن.,He is a virologist.,அவர்கள் ஒரு வைராலஜிஸ்ட்.,They are a virologist.,వారు వైరాలజిస్ట్.,They are virologists.,وہ ایک ماہر معاشیات ہیں۔,He is an economist.
They are a visual artist.,তারা ভিজ্যুয়াল আর্টিস্ট।,They are visual artists.,તેઓ દ્રશ્ય કલાકાર છે.,He is a visual artist.,वे एक दृश्य कलाकार हैं।,He is a visual artist.,ಅವರು ದೃಶ್ಯ ಕಲಾವಿದ.,He is a visual artist.,അവർ ഒരു വിഷ്വൽ ആർട്ടിസ്റ്റാണ്.,They are a visual artist.,ते दृश्य कलाकार आहेत.,They are visual artists.,तिनीहरू दृश्य कलाकार हुन्।,They are visual artists.,ਉਹ ਇੱਕ ਵਿਜ਼ੂਅਲ ਕਲਾਕਾਰ ਹਨ.,He is a visual artist.,اهي هڪ بصري آرٽسٽ آهن.,He is a visual artist.,அவர்கள் ஒரு காட்சி கலைஞர்.,They are a visual artist.,వారు విజువల్ ఆర్టిస్ట్.,They are visual artists.,وہ بصری فنکار ہیں۔,He is a visual artist.
They are a waiter.,তারা ওয়েটার।,They are waiters.,તેઓ વેઈટર છે.,They are waiters.,वे एक वेटर हैं।,He is a waiter.,ಅವರು ಮಾಣಿ.,He's a waiter.,അവർ ഒരു വെയിറ്ററാണ്.,They are a waiter.,ते एक वेटर आहेत.,He is a waiter.,तिनीहरू एक वेटर हुन्।,They are a waiter.,ਉਹ ਇੱਕ ਵੇਟਰ ਹਨ.,He is a waiter.,اهي هڪ ويٽر آهن.,They are a waiter.,அவர்கள் ஒரு பணியாளர்.,They are an employee.,వారు వెయిటర్.,They are the waiter.,وہ ویٹر ہیں۔,They are waiters.
They are a web designer.,তারা একটি ওয়েব ডিজাইনার।,They are a web designer.,તેઓ વેબ ડિઝાઇનર છે.,He is a web designer.,वे एक वेब डिजाइनर हैं।,He is a web designer.,ಅವರು ವೆಬ್ ಡಿಸೈನರ್.,He is a web designer.,അവർ ഒരു വെബ് ഡിസൈനറാണ്.,They are a web designer.,ते एक वेब डिझायनर आहेत.,He is a web designer.,तिनीहरू वेब डिजाइनर हुन्।,They are web designers.,ਉਹ ਇੱਕ ਵੈੱਬ ਡਿਜ਼ਾਈਨਰ ਹਨ.,She is a web designer.,اهي هڪ ويب ڊزائينر آهن.,He is a web designer.,அவர்கள் ஒரு வலை வடிவமைப்பாளர்.,They are a web designer.,వారు వెబ్ డిజైనర్.,They are web designers.,وہ ایک ویب ڈیزائنر ہیں۔,She is a web designer.
They are a web developer.,তারা একটি ওয়েব বিকাশকারী।,They are a web developer.,તેઓ વેબ ડેવલપર છે.,They are web developers.,वे एक वेब डेवलपर हैं।,He is a web developer.,ಅವರು ವೆಬ್ ಡೆವಲಪರ್.,He is a web developer.,അവർ ഒരു വെബ് ഡെവലപ്പർ ആണ്.,They are a web developer.,ते एक वेब विकसक आहेत.,He is a web developer.,तिनीहरू वेब विकासकर्ता हुन्।,They are web developers.,ਉਹ ਇੱਕ ਵੈੱਬ ਵਿਕਾਸਕਰਤਾ ਹਨ.,He is a web developer.,اهي ويب ڊولپر آهن.,They are web developers.,அவர்கள் ஒரு வலை டெவலப்பர்.,They are a web developer.,వారు వెబ్ డెవలపర్.,They are web developer.,وہ ایک ویب ڈویلپر ہیں۔,He is a web developer.
They are a zoologist.,তারা একজন প্রাণিবিদ।,They are a zoologist.,તેઓ પ્રાણીવિજ્ areાની છે.,They are zoologists.,वे एक प्राणी विज्ञानी हैं।,He is a zoologist.,ಅವರು ಪ್ರಾಣಿಶಾಸ್ತ್ರಜ್ಞರು.,They are zoologists.,അവർ ഒരു സുവോളജിസ്റ്റാണ്.,They are a zoologist.,ते प्राणीशास्त्रज्ञ आहेत.,They are zoologists.,तिनीहरू एक प्राणीशास्त्री हुन्।,They are a zoologist.,ਉਹ ਇੱਕ ਜੀਵ ਵਿਗਿਆਨੀ ਹਨ.,He is a biologist.,اهي هڪ زولوجسٽ آهن.,They are a zoologist.,அவர்கள் ஒரு விலங்கியல் நிபுணர்.,They are a zoologist.,వారు జువాలజిస్ట్.,They are a zoologist.,وہ ایک ماہر حیات ہیں۔,She is a biologist.
