'input',
'She is an advocate.',
'She is an agriculturist.',
'She is an aircraft pilot.',
'She is an artist.',
'She is an astronomer.',
'She is an attorney.',
'She is an audiologist.',
'She is a banker.',
'She is a barber.',
'She is a bartender.',
'She is a biologist.',
'She is a bookkeeper.',
'She is a botanist.',
'She is a builder.',
'She is a businessperson.',
'She is a butcher.',
'She is a carpenter.',
'She is a cashier.',
'She is a chef.',
'She is a chemist.',
'She is a clergy advisor.',
'She is a clinical lab technician.',
'She is a coach.',
'She is a developer.',
'She is a dietitian.',
'She is an ecologist.',
'She is an editor.',
'She is an electrician.',
'She is an EMT specialist.',
'She is a farmer.',
'She is a filmmaker.',
'She is a firefighter.',
'She is a fisherman.',
'She is a flight attendant.',
'She is a geneticist.',
'She is a geologist.',
'She is a graphic designer.',
'She is a human resource specialist.',
'She is an immunologist.',
'She is an interpreters.',
'She is a jeweller.',
'She is a lawyer.',
'She is a librarian.',
'She is a licensed practical nurse.',
'She is a mechanic.',
'She is a medical laboratory scientist.',
'She is a meteorologist.',
'She is a midwife.',
'She is a military officer.',
'She is a nutritionist.',
'She is an oceanographer.',
'She is an osteopath.',
'She is a painter.',
'She is a paramedic.',
'She is a pathologist.',
'She is a pharmacologist.',
'She is a philosopher.',
'She is a photographer.',
'She is a physician assistant.',
'She is a physicist.',
'She is a pilot.',
'She is a plumber.',
'She is a politician.',
'She is a receptionist.',
'She is a registered nurse.',
'She is a salesman.',
'She is a salesperson.',
'She is a scientist.',
'She is a sea captain.',
'She is a secretary.',
'She is a singer.',
'She is a solicitor.',
'She is a speech pathologist.',
'She is a speech-language pathologist.',
'She is a statistician.',
'She is a surveyor.',
'She is a therapist.',
'She is an undertaker.',
'She is an urban planner.',
'She is a videographer.',
'She is a virologist.',
'She is a visual artist.',
'She is a waiter.',
'She is a web designer.',
'She is a web developer.',
'She is a zoologist.',
